Date,cpi,wpi,ppi,cash_rate,cpi_yoy,wpi_yoy,ppi_yoy,cash_rate_yoy,cpi_roll3,cpi_roll12,wpi_roll3,wpi_roll12,ppi_roll3,ppi_roll12,cpi_volatility,flag_cpi_spike,flag_rate_hike
2015-01-31,,120.2,105.3,2.5,,,,,,,,,,,,0,0
2015-02-28,,120.2,105.3,2.28,,,,,,,,,,,,0,0
2015-03-01,,120.7,106.1,2.28,,,,,,,120.36666666666667,,105.56666666666666,,,0,0
2015-03-31,,120.7,106.1,2.25,,,,,,,120.53333333333335,,105.83333333333333,,,0,0
2015-04-30,,120.7,106.1,2.25,,,,,,,120.7,,106.1,,,0,0
2015-05-31,,120.7,106.1,2.04,,,,,,,120.7,,106.1,,,0,0
2015-06-01,,121.2,106.9,2.04,,,,,,,120.86666666666667,,106.36666666666667,,,0,0
2015-06-30,,121.2,106.9,2.0,,,,,,,121.03333333333335,,106.63333333333333,,,0,0
2015-07-31,,121.2,106.9,2.0,,,,,,,121.2,,106.9,,,0,0
2015-08-31,,121.2,106.9,2.0,,,,,,,121.2,,106.9,,,0,0
2015-09-01,,122.2,107.4,2.0,,,,,,,121.53333333333335,,107.06666666666668,,,0,0
2015-09-30,,122.2,107.4,2.0,,,,,,,121.86666666666667,121.03333333333335,107.23333333333335,106.45,,0,0
2015-10-31,,122.2,107.4,2.0,,1.6638935108153063,1.9943019943019946,-19.999999999999996,,,122.2,121.2,107.4,106.625,,0,0
2015-11-30,,122.2,107.4,2.0,,1.6638935108153063,1.9943019943019946,-12.280701754385959,,,122.2,121.36666666666666,107.4,106.80000000000001,,0,0
2015-12-01,,122.7,107.8,2.0,,1.6570008285004212,1.6022620169651391,-12.280701754385959,,,122.36666666666667,121.53333333333335,107.53333333333335,106.94166666666666,,0,0
2015-12-31,,122.7,107.8,2.0,,1.6570008285004212,1.6022620169651391,-11.111111111111116,,,122.53333333333335,121.7,107.66666666666667,107.08333333333333,,0,0
2016-01-31,,122.7,107.8,2.0,,1.6570008285004212,1.6022620169651391,-11.111111111111116,,,122.7,121.86666666666667,107.8,107.22500000000001,,0,0
2016-02-29,,122.7,107.8,2.0,,1.6570008285004212,1.6022620169651391,-1.9607843137254943,,,122.7,122.03333333333335,107.8,107.36666666666667,,0,0
2016-03-01,,123.2,108.0,2.0,,1.650165016501659,1.0289990645462987,-1.9607843137254943,,,122.86666666666667,122.19999999999999,107.86666666666667,107.45833333333333,,0,0
2016-03-31,,123.2,108.0,2.0,,1.650165016501659,1.0289990645462987,0.0,,,123.03333333333335,122.36666666666666,107.93333333333332,107.55000000000001,,0,0
2016-04-30,,123.2,108.0,2.0,,1.650165016501659,1.0289990645462987,0.0,,,123.2,122.53333333333335,108.0,107.64166666666667,,0,0
2016-05-31,,123.2,108.0,1.77,,1.650165016501659,1.0289990645462987,-11.5,,,123.2,122.7,108.0,107.73333333333335,,0,0
2016-06-01,,123.7,108.5,1.77,,1.227495908346965,1.0242085661080091,-11.5,,,123.36666666666667,122.825,108.16666666666667,107.825,,0,0
2016-06-30,,123.7,108.5,1.75,,1.227495908346965,1.0242085661080091,-12.5,,,123.53333333333335,122.95,108.33333333333333,107.91666666666667,,0,0
2016-07-31,,123.7,108.5,1.75,,1.227495908346965,1.0242085661080091,-12.5,,,123.7,123.07499999999999,108.5,108.00833333333334,,0,0
2016-08-31,,123.7,108.5,1.52,,1.227495908346965,1.0242085661080091,-24.0,,,123.7,123.2,108.5,108.10000000000001,,0,0
2016-09-01,,124.6,108.9,1.52,,1.5484922575387028,1.0204081632653184,-24.0,,,124.0,123.35833333333335,108.63333333333333,108.19166666666666,,0,0
2016-09-30,,124.6,108.9,1.5,,1.5484922575387028,1.0204081632653184,-25.0,,,124.3,123.51666666666667,108.76666666666667,108.28333333333335,,0,0
2016-10-31,,124.6,108.9,1.5,,1.5484922575387028,1.0204081632653184,-25.0,,,124.6,123.675,108.9,108.375,,0,0
2016-11-30,,124.6,108.9,1.5,,1.5484922575387028,1.0204081632653184,-25.0,,,124.6,123.83333333333333,108.9,108.46666666666665,,0,0
2016-12-01,,125.1,109.8,1.5,,1.5422077922077948,1.6666666666666607,-25.0,,,124.76666666666665,123.99166666666667,109.2,108.61666666666666,,0,0
2016-12-31,,125.1,109.8,1.5,,1.5422077922077948,1.6666666666666607,-25.0,,,124.93333333333332,124.14999999999999,109.5,108.76666666666665,,0,0
2017-01-31,,125.1,109.8,1.5,,1.5422077922077948,1.6666666666666607,-25.0,,,125.1,124.30833333333334,109.8,108.91666666666667,,0,0
2017-02-28,,125.1,109.8,1.5,,1.5422077922077948,1.6666666666666607,-15.254237288135597,,,125.1,124.46666666666665,109.8,109.06666666666666,,0,0
2017-03-01,,125.6,110.5,1.5,,1.5359741309620034,1.8433179723502224,-15.254237288135597,,,125.26666666666665,124.625,110.03333333333335,109.23333333333333,,0,0
2017-03-31,,125.6,110.5,1.5,,1.5359741309620034,1.8433179723502224,-14.28571428571429,,,125.43333333333332,124.78333333333335,110.26666666666665,109.39999999999999,,0,0
2017-04-30,,125.6,110.5,1.5,,1.5359741309620034,1.8433179723502224,-14.28571428571429,,,125.6,124.94166666666666,110.5,109.56666666666666,,0,0
2017-05-31,,125.6,110.5,1.5,,1.5359741309620034,1.8433179723502224,-1.3157894736842146,,,125.6,125.10000000000001,110.5,109.73333333333333,,0,0
2017-06-01,,126.1,111.5,1.5,,1.2038523274478408,2.3875114784205564,-1.3157894736842146,,,125.76666666666665,125.22499999999998,110.83333333333333,109.95,,0,0
2017-06-30,,126.1,111.5,1.5,,1.2038523274478408,2.3875114784205564,0.0,,,125.93333333333332,125.34999999999998,111.16666666666667,110.16666666666667,,0,0
2017-07-31,,126.1,111.5,1.5,,1.2038523274478408,2.3875114784205564,0.0,,,126.1,125.47500000000001,111.5,110.38333333333333,,0,0
2017-08-31,,126.1,111.5,1.5,,1.2038523274478408,2.3875114784205564,0.0,,,126.1,125.59999999999998,111.5,110.60000000000001,,0,0
2017-09-01,,127.1,112.0,1.5,,1.5987210231814597,2.0036429872495543,0.0,,,126.43333333333332,125.76666666666665,111.66666666666667,110.78333333333335,,0,0
2017-09-30,,127.1,112.0,1.5,,1.5987210231814597,2.0036429872495543,0.0,,,126.76666666666665,125.93333333333334,111.83333333333333,110.96666666666665,,0,0
2017-10-31,,127.1,112.0,1.5,,1.5987210231814597,2.0036429872495543,0.0,,,127.1,126.09999999999998,112.0,111.14999999999999,,0,0
2017-11-30,,127.1,112.0,1.5,,1.5987210231814597,2.0036429872495543,0.0,,,127.1,126.26666666666667,112.0,111.33333333333333,,0,0
2017-12-01,,127.7,112.5,1.5,,1.671974522292996,1.8099547511312153,0.0,,,127.3,126.44166666666665,112.16666666666667,111.5,,0,0
2017-12-31,,127.7,112.5,1.5,,1.671974522292996,1.8099547511312153,0.0,,,127.5,126.61666666666666,112.33333333333333,111.66666666666667,,0,0
2018-01-31,,127.7,112.5,1.5,,1.671974522292996,1.8099547511312153,0.0,,,127.7,126.79166666666667,112.5,111.83333333333333,,0,0
2018-02-28,,127.7,112.5,1.5,,1.671974522292996,1.8099547511312153,0.0,,,127.7,126.96666666666665,112.5,112.0,,0,0
2018-03-01,,128.2,112.9,1.5,,1.6653449643140306,1.255605381165914,0.0,,,127.86666666666667,127.14166666666667,112.63333333333333,112.11666666666667,,0,0
2018-03-31,,128.2,112.9,1.5,,1.6653449643140306,1.255605381165914,0.0,,,128.03333333333333,127.31666666666666,112.76666666666667,112.23333333333333,,0,0
2018-04-30,,128.2,112.9,1.5,,1.6653449643140306,1.255605381165914,0.0,,,128.2,127.49166666666666,112.9,112.35000000000001,,0,0
2018-05-31,,128.2,112.9,1.5,,1.6653449643140306,1.255605381165914,0.0,,,128.2,127.66666666666667,112.9,112.46666666666665,,0,0
2018-06-01,,128.7,114.2,1.5,,1.2588512981903888,1.9642857142857073,0.0,,,128.36666666666665,127.80000000000001,113.33333333333333,112.64999999999999,,0,0
2018-06-30,,128.7,114.2,1.5,,1.2588512981903888,1.9642857142857073,0.0,,,128.53333333333333,127.93333333333332,113.76666666666667,112.83333333333333,,0,0
2018-07-31,,128.7,114.2,1.5,,1.2588512981903888,1.9642857142857073,0.0,,,128.7,128.06666666666666,114.2,113.01666666666667,,0,0
2018-08-31,,128.7,114.2,1.5,,1.2588512981903888,1.9642857142857073,0.0,,,128.7,128.2,114.2,113.2,,0,0
2018-09-01,,130.0,114.6,1.5,,1.8010963194988294,1.866666666666661,0.0,,,129.13333333333333,128.39166666666668,114.33333333333333,113.375,,0,0
2018-09-30,,130.0,114.6,1.5,,1.8010963194988294,1.866666666666661,0.0,,,129.5666666666667,128.58333333333334,114.46666666666665,113.55,,0,0
2018-10-31,,130.0,114.6,1.5,,1.8010963194988294,1.866666666666661,0.0,,,130.0,128.775,114.6,113.72500000000001,,0,0
2018-11-30,,130.0,114.6,1.5,,1.8010963194988294,1.866666666666661,0.0,,,130.0,128.96666666666667,114.6,113.89999999999999,,0,0
2018-12-01,,130.6,115.1,1.5,,1.8720748829953227,1.9486271036315284,0.0,,,130.2,129.16666666666666,114.76666666666665,114.08333333333333,,0,0
2018-12-31,,130.6,115.1,1.5,,1.8720748829953227,1.9486271036315284,0.0,,,130.4,129.36666666666667,114.93333333333332,114.26666666666667,,0,0
2019-01-31,,130.6,115.1,1.5,,1.8720748829953227,1.9486271036315284,0.0,,,130.6,129.56666666666666,115.1,114.44999999999999,,0,0
2019-02-28,,130.6,115.1,1.5,,1.8720748829953227,1.9486271036315284,0.0,,,130.6,129.76666666666665,115.1,114.63333333333334,,0,0
2019-03-01,,131.2,115.3,1.5,,1.9425019425019396,0.9632224168126147,0.0,,,130.79999999999998,129.975,115.16666666666667,114.72500000000001,,0,0
2019-03-31,,131.2,115.3,1.5,,1.9425019425019396,0.9632224168126147,0.0,,,131.0,130.18333333333334,115.23333333333333,114.81666666666666,,0,0
2019-04-30,,131.2,115.3,1.5,,1.9425019425019396,0.9632224168126147,0.0,,,131.2,130.39166666666668,115.3,114.90833333333332,,0,0
2019-05-31,,131.2,115.3,1.5,,1.9425019425019396,0.9632224168126147,0.0,,,131.2,130.6,115.3,114.99999999999999,,0,0
2019-06-01,,131.8,115.8,1.5,,1.3846153846153841,1.0471204188481797,0.0,,,131.39999999999998,130.75,115.46666666666665,115.10000000000001,,0,0
2019-06-30,,131.8,115.8,1.28,,1.3846153846153841,1.0471204188481797,-14.66666666666666,,,131.60000000000002,130.9,115.63333333333333,115.2,,0,0
2019-07-31,,131.8,115.8,1.02,,1.3846153846153841,1.0471204188481797,-31.999999999999996,,,131.8,131.04999999999998,115.8,115.3,,0,0
2019-08-31,,131.8,115.8,1.0,,1.3846153846153841,1.0471204188481797,-33.333333333333336,,,131.8,131.2,115.8,115.39999999999999,,0,0
2019-09-01,,132.9,115.8,1.0,,1.7611026033690802,0.6081668114682914,-33.333333333333336,,,132.16666666666666,131.39166666666668,115.8,115.45833333333331,,0,0
2019-09-30,,132.9,115.8,1.0,,1.7611026033690802,0.6081668114682914,-33.333333333333336,,,132.53333333333333,131.58333333333334,115.8,115.51666666666665,,0,0
2019-10-31,,132.9,115.8,0.76,,1.7611026033690802,0.6081668114682914,-49.33333333333333,,,132.9,131.775,115.8,115.575,,0,0
2019-11-30,,132.9,115.8,0.75,,1.7611026033690802,0.6081668114682914,-50.0,,,132.9,131.96666666666667,115.8,115.63333333333333,,0,0
2019-12-01,,133.5,116.0,0.75,,1.7530487804878092,0.6071118820468291,-50.0,,,133.10000000000002,132.15833333333333,115.86666666666667,115.69166666666666,,0,0
2019-12-31,,133.5,116.0,0.75,,1.7530487804878092,0.6071118820468291,-50.0,,,133.29999999999998,132.35,115.93333333333332,115.75,,0,0
2020-01-31,,133.5,116.0,0.75,,1.7530487804878092,0.6071118820468291,-50.0,,,133.5,132.54166666666666,116.0,115.80833333333334,,0,0
2020-02-29,,133.5,116.0,0.75,,1.7530487804878092,0.6071118820468291,-50.0,,,133.5,132.73333333333335,116.0,115.86666666666667,,0,0
2020-03-01,,134.1,116.0,0.75,,1.7450682852807153,0.17271157167531026,-50.0,,,133.70000000000002,132.92499999999998,116.0,115.88333333333333,,0,0
2020-03-31,,134.1,116.0,0.43,,1.7450682852807153,0.17271157167531026,-66.40625,,,133.9,133.11666666666667,116.0,115.89999999999999,,0,0
2020-04-30,,134.1,116.0,0.25,,1.7450682852807153,0.17271157167531026,-75.49019607843137,,,134.1,133.30833333333334,116.0,115.91666666666667,,0,0
2020-05-31,,134.1,116.0,0.25,,1.7450682852807153,0.17271157167531026,-75.0,,,134.1,133.5,116.0,115.93333333333334,,0,0
2020-06-01,,134.1,116.2,0.25,,0.9029345372460362,0.3454231433505983,-75.0,,,134.1,133.6,116.06666666666666,115.96666666666668,,0,0
2020-06-30,,134.1,116.2,0.25,,0.9029345372460362,0.3454231433505983,-75.0,,,134.1,133.7,116.13333333333333,116.0,,0,0
2020-07-31,,134.1,116.2,0.25,,0.9029345372460362,0.3454231433505983,-67.10526315789474,,,134.1,133.79999999999998,116.2,116.03333333333332,,0,0
2020-08-31,,134.1,116.2,0.25,,0.9029345372460362,0.3454231433505983,-66.66666666666667,,,134.1,133.9,116.2,116.06666666666666,,0,0
2020-09-01,,134.7,116.2,0.25,,0.8988764044943753,0.17241379310344307,-66.66666666666667,,,134.29999999999998,134.0,116.2,116.08333333333333,,0,0
2020-09-30,,134.7,116.2,0.25,,0.8988764044943753,0.17241379310344307,-66.66666666666667,,,134.5,134.1,116.2,116.10000000000001,,0,0
2020-10-31,,134.7,116.2,0.25,,0.8988764044943753,0.17241379310344307,-66.66666666666667,,,134.7,134.2,116.2,116.11666666666667,,0,0
2020-11-30,,134.7,116.2,0.11,,0.8988764044943753,0.17241379310344307,-85.33333333333333,,,134.7,134.29999999999998,116.2,116.13333333333333,,0,0
2020-12-01,,135.4,116.9,0.11,,0.9694258016405666,0.775862068965516,-85.33333333333333,,,134.9333333333333,134.40833333333333,116.43333333333334,116.20833333333333,,0,0
2020-12-31,,135.4,116.9,0.1,,0.9694258016405666,0.775862068965516,-76.74418604651163,,,135.16666666666666,134.51666666666665,116.66666666666667,116.28333333333335,,0,0
2021-01-31,,135.4,116.9,0.1,,0.9694258016405666,0.775862068965516,-60.0,,,135.4,134.625,116.9,116.35833333333333,,0,0
2021-02-28,,135.4,116.9,0.1,,0.9694258016405666,0.775862068965516,-60.0,,,135.4,134.73333333333332,116.9,116.43333333333334,,0,0
2021-03-01,,136.1,117.8,0.1,,1.4914243102162494,1.376936316695354,-60.0,,,135.63333333333335,134.9,117.2,116.56666666666666,,0,0
2021-03-31,,136.1,117.8,0.1,,1.4914243102162494,1.376936316695354,-60.0,,,135.86666666666667,135.06666666666666,117.5,116.69999999999999,,0,0
2021-04-30,,136.1,117.8,0.1,,1.4914243102162494,1.376936316695354,-60.0,,,136.1,135.23333333333332,117.8,116.83333333333333,,0,0
2021-05-31,,136.1,117.8,0.1,,1.4914243102162494,1.376936316695354,-60.0,,,136.1,135.4,117.8,116.96666666666668,,0,0
2021-06-01,,136.5,120.0,0.1,,1.3363028953229383,3.2702237521514688,-60.0,,,136.23333333333332,135.54999999999998,118.53333333333335,117.28333333333335,,0,0
2021-06-30,,136.5,120.0,0.1,,1.3363028953229383,3.2702237521514688,-60.0,,,136.36666666666667,135.70000000000002,119.26666666666665,117.60000000000001,,0,0
2021-07-31,,136.5,120.0,0.1,,1.3363028953229383,3.2702237521514688,-60.0,,,136.5,135.85,120.0,117.91666666666667,,0,0
2021-08-31,,136.5,120.0,0.1,,1.3363028953229383,3.2702237521514688,-9.090909090909083,,,136.5,136.0,120.0,118.23333333333335,,0,0
2021-09-01,,137.7,122.5,0.1,,1.6986706056129952,4.79041916167664,-9.090909090909083,,,136.89999999999998,136.19166666666666,120.83333333333333,118.7,,0,0
2021-09-30,,137.7,122.5,0.1,,1.6986706056129952,4.79041916167664,0.0,,,137.29999999999998,136.38333333333333,121.66666666666667,119.16666666666667,,0,0
2021-10-31,,137.7,122.5,0.1,,1.6986706056129952,4.79041916167664,0.0,,,137.7,136.575,122.5,119.63333333333334,,0,0
2021-11-30,,137.7,122.5,0.1,,1.6986706056129952,4.79041916167664,0.0,,,137.7,136.76666666666668,122.5,120.10000000000001,,0,0
2021-12-01,,138.5,126.0,0.1,,1.7634092578986182,6.960950764006801,0.0,,,137.96666666666667,136.96666666666667,123.66666666666667,120.78333333333335,,0,0
2021-12-31,,138.5,126.0,0.1,,1.7634092578986182,6.960950764006801,0.0,,,138.23333333333335,137.16666666666666,124.83333333333333,121.46666666666668,,0,0
2022-01-31,,138.5,126.0,0.1,,1.7634092578986182,6.960950764006801,0.0,,,138.5,137.36666666666667,126.0,122.15000000000002,,0,0
2022-02-28,,138.5,126.0,0.1,,1.7634092578986182,6.960950764006801,0.0,,,138.5,137.56666666666666,126.0,122.83333333333333,,0,0
2022-03-01,,139.3,129.7,0.1,,2.051282051282066,8.083333333333332,0.0,,,138.76666666666665,137.79999999999998,127.23333333333333,123.64166666666665,,0,0
2022-03-31,,139.3,129.7,0.1,,2.051282051282066,8.083333333333332,0.0,,,139.03333333333333,138.03333333333333,128.46666666666667,124.44999999999999,,0,0
2022-04-30,,139.3,129.7,0.1,,2.051282051282066,8.083333333333332,0.0,,,139.3,138.26666666666668,129.7,125.25833333333333,,0,0
2022-05-31,,139.3,129.7,0.33,,2.051282051282066,8.083333333333332,229.99999999999997,,,139.3,138.5,129.7,126.06666666666666,,0,0
2022-06-01,,140.1,134.6,0.33,,1.7429193899782147,9.877551020408148,229.99999999999997,,,139.56666666666666,138.7,131.33333333333334,127.07499999999999,,0,0
2022-06-30,,140.1,134.6,0.73,,1.7429193899782147,9.877551020408148,630.0,,,139.83333333333334,138.9,132.96666666666667,128.08333333333331,,0,0
2022-07-31,,140.1,134.6,1.28,,1.7429193899782147,9.877551020408148,1180.0,,,140.1,139.1,134.6,129.09166666666667,,0,0
2022-08-31,,140.1,134.6,1.81,,1.7429193899782147,9.877551020408148,1709.9999999999998,,,140.1,139.29999999999998,134.6,130.1,,0,0
2022-09-01,,142.1,138.2,1.81,,2.5992779783393427,9.68253968253967,1709.9999999999998,,,140.76666666666665,139.6,135.79999999999998,131.11666666666665,,0,0
2022-09-30,,142.1,138.2,2.25,,2.5992779783393427,9.68253968253967,2150.0,,,141.4333333333333,139.9,136.99999999999997,132.13333333333333,,0,0
2022-10-31,,142.1,138.2,2.58,,2.5992779783393427,9.68253968253967,2480.0,,,142.1,140.20000000000002,138.2,133.14999999999998,,0,0
2022-11-30,,142.1,138.2,2.84,,2.5992779783393427,9.68253968253967,2740.0,,,142.1,140.5,138.2,134.16666666666666,,0,0
2022-12-01,,143.2,140.4,2.84,,2.7997128499640977,8.249807247494223,2740.0,,,142.46666666666667,140.82500000000002,138.9333333333333,135.05833333333334,,0,0
2022-12-31,,143.2,140.4,3.05,,2.7997128499640977,8.249807247494223,2949.9999999999995,,,142.83333333333334,141.15,139.66666666666666,135.95,,0,0
2023-01-31,,143.2,140.4,3.1,,2.7997128499640977,8.249807247494223,3000.0,,,143.2,141.475,140.4,136.84166666666667,,0,0
2023-02-28,,143.2,140.4,3.29,,2.7997128499640977,8.249807247494223,896.9696969696969,,,143.2,141.79999999999998,140.4,137.73333333333332,,0,0
2023-03-01,,144.3,141.9,3.29,,2.9978586723768963,5.423476968796437,896.9696969696969,,,143.56666666666663,142.15,140.9,138.34166666666667,,0,0
2023-03-31,,144.3,141.9,3.54,,2.9978586723768963,5.423476968796437,384.93150684931504,,,143.93333333333337,142.49999999999997,141.4,138.95000000000002,,0,0
2023-04-30,,144.3,141.9,3.6,,2.9978586723768963,5.423476968796437,181.25,,,144.3,142.85,141.9,139.5583333333333,,0,0
2023-05-31,,144.3,141.9,3.83,,2.9978586723768963,5.423476968796437,111.60220994475138,,,144.3,143.20000000000002,141.9,140.16666666666666,,0,0
2023-06-01,,145.2,143.3,3.83,,2.181562280084437,3.690303907380632,111.60220994475138,,,144.6,143.45833333333334,142.36666666666667,140.59166666666667,,0,0
2023-06-30,,145.2,143.3,4.05,,2.181562280084437,3.690303907380632,79.99999999999999,,,144.9,143.71666666666667,142.83333333333334,141.01666666666668,,0,1
2023-07-31,,145.2,143.3,4.1,,2.181562280084437,3.690303907380632,58.91472868217051,,,145.2,143.975,143.3,141.4416666666667,,0,1
2023-08-31,,145.2,143.3,4.1,,2.181562280084437,3.690303907380632,44.36619718309858,,,145.2,144.23333333333332,143.3,141.86666666666667,,0,1
2023-09-01,,147.9,145.2,4.1,,3.28212290502794,3.4188034188034067,44.36619718309858,,,146.1,144.625,143.93333333333334,142.26666666666668,,0,1
2023-09-30,,147.9,145.2,4.1,,3.28212290502794,3.4188034188034067,34.42622950819671,,,147.0,145.01666666666668,144.56666666666666,142.66666666666669,,0,1
2023-10-31,,147.9,145.2,4.1,,3.28212290502794,3.4188034188034067,32.258064516129025,,,147.9,145.40833333333333,145.2,143.06666666666666,,0,1
2023-11-30,,147.9,145.2,4.29,,3.28212290502794,3.4188034188034067,30.395136778115493,,,147.9,145.79999999999998,145.2,143.46666666666667,,0,1
2023-12-01,,149.3,148.0,4.29,,3.465003465003469,4.298801973220567,30.395136778115493,,,148.36666666666667,146.21666666666667,146.13333333333333,143.975,,0,1
2023-12-31,,149.3,148.0,4.35,,3.465003465003469,4.298801973220567,22.881355932203373,,,148.83333333333334,146.63333333333335,147.06666666666666,144.48333333333332,,0,1
2024-01-31,,149.3,148.0,4.35,,3.465003465003469,4.298801973220567,20.833333333333325,,,149.3,147.04999999999998,148.0,144.99166666666667,,0,1
2024-02-29,,149.3,148.0,4.35,,3.465003465003469,4.298801973220567,13.577023498694496,,,149.3,147.46666666666667,148.0,145.5,,0,1
2024-03-01,,150.2,150.3,4.35,,3.443526170798905,4.884856943475224,13.577023498694496,,,149.60000000000002,147.88333333333333,148.76666666666668,146.08333333333334,,0,1
2024-03-31,,150.2,150.3,4.35,,3.443526170798905,4.884856943475224,7.407407407407396,,,149.89999999999998,148.3,149.53333333333333,146.66666666666666,,0,1
2024-04-01,96.4,150.2,150.3,4.35,,3.443526170798905,4.884856943475224,6.0975609756097615,,,150.2,148.71666666666667,150.3,147.25,,0,1
2024-04-30,,150.2,150.3,4.35,,3.443526170798905,4.884856943475224,6.0975609756097615,,,150.2,149.13333333333333,150.3,147.83333333333334,,0,1
2024-05-01,96.17,150.2,150.3,4.35,,1.5551048005408852,3.512396694214881,6.0975609756097615,,,150.2,149.325,150.3,148.25833333333333,,0,1
2024-05-31,,150.2,150.3,4.35,,1.5551048005408852,3.512396694214881,6.0975609756097615,,,150.2,149.51666666666668,150.3,148.68333333333334,,0,1
2024-06-01,96.52,151.1,152.3,4.35,,2.1636240703177823,4.889807162534443,6.0975609756097615,,,150.5,149.78333333333333,150.96666666666667,149.275,,0,1
2024-06-30,,151.1,152.3,4.35,,2.1636240703177823,4.889807162534443,1.3986013986013957,,,150.79999999999998,150.05,151.63333333333335,149.86666666666667,,0,1
2024-07-01,96.77,151.1,152.3,4.35,,1.20562625586067,2.9054054054054035,1.3986013986013957,,,151.1,150.2,152.3,150.225,,0,1
2024-07-31,,151.1,152.3,4.35,,1.20562625586067,2.9054054054054035,0.0,,,151.1,150.35,152.3,150.58333333333334,,0,1
2024-08-01,96.49,151.1,152.3,4.35,,1.20562625586067,2.9054054054054035,0.0,,,151.1,150.5,152.3,150.9416666666667,,0,1
2024-08-31,,151.1,152.3,4.35,,1.20562625586067,2.9054054054054035,0.0,,,151.1,150.65,152.3,151.3,,0,1
2024-09-01,96.54,153.1,153.7,4.35,,1.9307589880159792,2.262142381902854,0.0,,,151.76666666666665,150.89166666666665,152.76666666666668,151.58333333333334,,0,1
2024-09-30,,153.1,153.7,4.35,,1.9307589880159792,2.262142381902854,0.0,,,152.4333333333333,151.13333333333333,153.23333333333332,151.86666666666667,,0,1
2024-10-01,96.32,153.1,153.7,4.35,-0.08298755186723072,1.9307589880159792,2.262142381902854,0.0,,,153.1,151.37499999999997,153.7,152.15,,0,1
2024-10-31,,153.1,153.7,4.35,-0.08298755186723072,1.9307589880159792,2.262142381902854,0.0,,,153.1,151.61666666666667,153.7,152.43333333333334,,0,1
2024-11-01,96.68,153.1,153.7,4.35,0.530310907767495,1.9307589880159792,2.262142381902854,0.0,,,153.1,151.85833333333332,153.7,152.71666666666667,,0,1
2024-11-30,,153.1,153.7,4.35,0.530310907767495,1.9307589880159792,2.262142381902854,0.0,,,153.1,152.1,153.7,153.0,,0,1
2024-12-01,97.31,154.1,154.3,4.35,0.8184832159138011,1.985440105890146,1.3131976362442455,0.0,,,153.4333333333333,152.35,153.9,153.16666666666666,,0,1
2024-12-31,,154.1,154.3,4.35,0.8184832159138011,1.985440105890146,1.3131976362442455,0.0,,,153.76666666666665,152.6,154.1,153.33333333333334,,0,1
2025-01-01,97.58,154.1,154.3,4.35,0.8370362715717672,1.985440105890146,1.3131976362442455,0.0,,,154.1,152.85,154.3,153.5,,0,1
2025-01-31,,154.1,154.3,4.35,0.8370362715717672,1.985440105890146,1.3131976362442455,0.0,,,154.1,153.1,154.3,153.66666666666666,,0,1
2025-02-01,97.67,154.1,154.3,4.35,1.2229246554047224,1.985440105890146,1.3131976362442455,0.0,,,154.1,153.35,154.3,153.83333333333334,,0,1
2025-02-28,,154.1,154.3,4.25,1.2229246554047224,1.985440105890146,1.3131976362442455,-2.298850574712641,,,154.1,153.6,154.3,154.0,,0,1
2025-03-01,97.96,155.3,154.6,4.25,1.4708928941371324,1.4369693011103912,0.5855562784645496,-2.298850574712641,,,154.5,153.78333333333333,154.4,154.07500000000002,,0,1
2025-03-31,,155.3,154.6,4.1,1.4708928941371324,1.4369693011103912,0.5855562784645496,-5.747126436781613,,,154.9,153.96666666666667,154.5,154.15,0.5192780335370883,0,1
2025-04-01,98.68,155.3,154.6,4.1,2.450166112956831,1.4369693011103912,0.5855562784645496,-5.747126436781613,,,155.3,154.15,154.6,154.225,0.6308442089784402,0,1
2025-04-30,,155.3,154.6,4.1,2.450166112956831,1.4369693011103912,0.5855562784645496,-5.747126436781613,,,155.3,154.33333333333334,154.6,154.3,0.6550220537470532,0,1
2025-05-01,98.2,155.3,154.6,4.1,1.5721969383533319,1.4369693011103912,0.5855562784645496,-5.747126436781613,,,155.3,154.51666666666668,154.6,154.375,0.6233411090829403,0,1
2025-05-31,,155.3,154.6,4.01,1.5721969383533319,1.4369693011103912,0.5855562784645496,-7.816091954022985,,,155.3,154.70000000000002,154.6,154.45,0.5758532924515688,0,1
2025-06-01,98.34,156.2,155.7,4.01,1.0584729215908029,1.3627514600908386,0.9073233959818294,-7.816091954022985,,,155.6,154.875,154.96666666666667,154.56666666666666,0.5578872842658521,0,1
2025-06-30,,156.2,155.7,3.85,1.0584729215908029,1.3627514600908386,0.9073233959818294,-11.494252873563205,,,155.9,155.05,155.33333333333331,154.68333333333334,0.5385134882778833,0,0
2025-07-01,99.63,156.2,155.7,3.85,2.1008403361344463,1.3627514600908386,0.9073233959818294,-11.494252873563205,,,156.2,155.225,155.7,154.8,0.5344440922107578,0,0
2025-07-31,,156.2,155.7,3.85,2.1008403361344463,1.3627514600908386,0.9073233959818294,-11.494252873563205,,,156.2,155.4,155.7,154.91666666666666,0.507014977617574,0,0
2025-08-01,99.55,156.2,155.7,3.85,1.9248489812634384,1.3627514600908386,0.9073233959818294,-11.494252873563205,,,156.2,155.57500000000002,155.7,155.03333333333333,0.4941043639928205,0,0
2025-08-31,,156.2,155.7,3.7,1.9248489812634384,1.3627514600908386,0.9073233959818294,-12.941176470588234,,,156.2,155.75,155.7,155.15,0.47302107769192037,0,0
2025-09-01,100.0,158.3,157.7,3.7,2.0824826459779677,1.931745009658714,2.005174644243213,-12.941176470588234,,,156.89999999999998,156.0,156.36666666666665,155.40833333333333,0.471644066608175,0,0
2025-09-30,,158.3,157.7,3.6,2.0824826459779677,1.931745009658714,2.005174644243213,-12.195121951219502,,,157.60000000000002,156.25,157.03333333333333,155.66666666666666,0.46419824190769254,0,0
2025-10-01,99.99,158.3,157.7,3.6,1.3275233076611048,1.931745009658714,2.005174644243213,-12.195121951219502,,,158.3,156.5,157.7,155.92499999999998,0.4483650518903241,0,0
2025-10-31,,158.3,157.7,3.6,1.3275233076611048,1.931745009658714,2.005174644243213,-12.195121951219502,,,158.3,156.75,157.7,156.1833333333333,0.4092512310090137,0,0
2025-11-01,100.01,158.3,157.7,3.6,1.8431771894093618,1.931745009658714,2.005174644243213,-12.195121951219502,,,158.3,157.0,157.7,156.44166666666666,0.4103734405710747,0,0
2025-11-30,,158.3,157.7,3.6,1.8431771894093618,1.931745009658714,2.005174644243213,-10.224438902743138,,,158.3,157.25,157.7,156.7,0.4101384779808638,0,0
2025-12-01,100.97,159.4,159.5,3.6,2.674394956274151,2.0486555697823317,2.440590879897253,-10.224438902743138,,,158.66666666666666,157.51666666666668,158.29999999999998,157.01666666666665,0.43658360397857404,0,0
2025-12-31,,159.4,159.5,3.6,2.674394956274151,2.0486555697823317,2.440590879897253,-6.493506493506496,,,159.03333333333333,157.78333333333333,158.9,157.33333333333331,0.4164531403407793,0,0
2026-01-01,101.33,159.4,159.5,3.6,1.7063133594299007,2.0486555697823317,2.440590879897253,-6.493506493506496,,,159.4,158.05,159.5,157.64999999999998,0.4226251027634213,0,0
2026-01-31,,159.4,159.5,3.6,1.7063133594299007,2.0486555697823317,2.440590879897253,-6.493506493506496,,,159.4,158.3166666666667,159.5,157.96666666666667,0.425948800063707,0,0
2026-02-28,,159.4,159.5,3.83,1.7880462079357118,2.0486555697823317,2.440590879897253,-0.5194805194805197,,,159.4,158.58333333333334,159.5,158.28333333333333,0.4278223389019843,0,0
